{
  "project_info": {
    "project_number": "177598501797",
    "project_id": "gradocerrado-9eeb6",
    "storage_bucket": "gradocerrado-9eeb6.firebasestorage.app"
  },
  "client": [
    {
      "client_info": {
        "mobilesdk_app_id": "1:177598501797:android:1ab891f97391feaa080e4c",
        "android_client_info": {
          "package_name": "gradocerrado.app"
        }
      },
      "oauth_client": [],
      "api_key": [
        {
          "current_key": "AIzaSyBFpmyztgA0IEiNuvffJQDoG93rs7XrK2Q"
        }
      ],
      "services": {
        "appinvite_service": {
          "other_platform_oauth_client": []
        }
      }
    }
  ],
  "configuration_version": "1"
}